{"avgShortPath":{"origin":{"X":[300,400,500,600,700,800,900,1000,1100,1200,1300,1400,1500,1600,1700,1800,1900,2000,2100,2200,2300,2400,2500,2600,2700,2800,2900,3000],"Y":[4.039241917502787,5.687781954887218,4.04436873747495,8.516444073455759,10.031510320866545,10.2884887359199,8.237953281423804,9.195861861861863,16.71060468194226,13.720703363914373,12.436709895185645,11.271917696313693,16.283566822325994,13.714151031894934,16.469350136758646,15.876402322277809,19.85501565921122,19.123335667833917,21.863173846956602,22.563000124023315,17.3113735650661,16.57430075031263,23.91532613045218,24.179895817918133,19.849185294965213,28.17358597458276,18.074225595032768,17.865034122485273]},"masterArea":{"X":[300,400,500,600,700,800,900,1000,1100,1200,1300,1400,1500,1600,1700,1800,1900,2000,2100,2200,2300,2400,2500,2600,2700,2800,2900,3000],"Y":[3.778974358974359,4.772531328320802,4.04436873747495,6.487245409015025,8.058728796239526,8.279499374217773,7.2215572858731925,6.6927987987987985,14.378239722061378,12.913404225743676,8.647520577959376,9.107326661901357,11.56726706693351,11.634165103189494,12.300135027524842,11.3336612933111,17.295995676394778,15.350062031015508,17.361118900156537,17.74472074083261,14.750035743328857,13.533870362651104,21.882539575830332,22.246385296119808,14.645443168251616,25.051706987189302,14.185800811219089,16.064919862176282]}},"maxPath":{"origin":{"X":[300,400,500,600,700,800,900,1000,1100,1200,1300,1400,1500,1600,1700,1800,1900,2000,2100,2200,2300,2400,2500,2600,2700,2800,2900,3000],"Y":[8,12,8,24,27,28,22,19,48,38,35,32,45,28,48,40,56,53,63,62,49,49,70,69,59,81,53,52]},"masterArea":{"X":[300,400,500,600,700,800,900,1000,1100,1200,1300,1400,1500,1600,1700,1800,1900,2000,2100,2200,2300,2400,2500,2600,2700,2800,2900,3000],"Y":[7,9,8,18,20,22,19,14,39,36,22,27,33,25,32,33,48,42,52,50,45,37,66,62,43,70,45,48]}},"origin3dData":{"X":[300,400,500,600,700,800,900,1000,1100,1200,1300,1400,1500,1600,1700,1800,1900,2000,2100,2200,2300,2400,2500,2600,2700,2800,2900,3000],"Y":[0,1,2,3,4,5,6,7,8,9,10,11,12,13,14,15,16,17,18,19,20,21,22,23,24,25,26,27,28,29,30,31,32,33,34,35,36,37,38,39,40,41,42,43,44,45,46,47,48,49,50,51,52,53,54,55,56,57,58,59,60,61,62,63,64,65,66,67,68,69,70,71,72,73,74,75,76,77,78,79,80],"Z":[[0,0,0,0,0,0,0,0,0,0,0,0,0,0,0,0,0,0,0,0,0,0,0,0,0,0,0,0],[1146,1388,2173,2271,2573,2795,3554,3654,4057,4427,4767,4996,5096,5843,6172,6367,7051,7377,7497,8244,7843,8095,8896,9304,9029,9940,9890,10119],[7120,8236,22106,11550,14209,12935,26310,21817,21044,25622,31921,32380,29066,37201,40679,41107,45203,45554,43470,52737,53029,55226,53933,58808,60922,59084,61428,69428],[9073,8582,23345,15198,15350,17845,32332,27183,23565,33346,37490,45571,36334,48049,51947,53320,57432,62299,57848,68669,75038,78502,70999,83405,78041,83526,86658,95353],[9590,9373,27144,18870,18033,25070,39331,39239,25298,37806,49423,61136,45173,57838,62146,77605,69574,82984,71470,84901,115784,117028,85694,98261,123198,102749,142472,151611],[9288,10677,24820,17474,17432,24205,34222,39439,24397,35290,43795,61722,44210,52825,57946,82585,63224,77091,72208,83424,111682,114704,84956,99449,117380,95543,139584,157396],[6740,9132,20785,15121,17210,22054,33106,35304,24070,33783,49146,60743,42625,50812,57996,80564,60314,72385,74585,76846,106386,121063,83076,99715,110909,98630,146922,166347],[1829,9484,4287,11984,15942,19444,30678,35010,22254,32981,47723,58362,40738,50019,55510,82653,58825,73357,75488,71781,105026,116985,81719,98670,116150,91189,140222,164649],[64,9633,90,10451,13254,18844,30096,32662,23106,33544,45462,55126,44407,53461,53533,75857,60416,68405,67768,65967,97493,109164,79207,94356,113383,88273,138301,174810],[0,8132,0,8712,12908,17924,28008,31399,22328,32455,41041,55203,43825,53080,52448,74546,59520,65247,66087,62601,91919,100512,78796,88842,118216,81757,140849,175366],[0,4059,0,7819,12284,16519,24680,31180,21274,32063,45500,54879,42848,56460,52231,62968,57995,63520,65226,58794,85122,92303,79361,87791,114594,83225,137199,172680],[0,681,0,7614,11751,15709,22315,28099,20880,29197,40656,53720,41533,51933,49838,56268,55246,62130,61106,60129,77252,90211,79292,86415,113217,85328,130342,165560],[0,24,0,6957,11456,14164,20445,31069,20055,27759,37707,52182,39459,52558,49302,48732,55867,60964,61696,59802,72139,82409,79722,84340,103049,81192,125785,146896],[0,0,0,7133,10344,13557,18088,30333,18281,27737,35333,46759,35070,53937,49827,44632,53304,57990,61067,59679,66669,80342,77114,81234,106191,75843,133419,130195],[0,0,0,7235,9838,12624,14766,27397,18226,27766,33914,44963,35334,52604,47347,47863,50767,57933,57961,59045,67838,74717,77563,76618,95966,74366,127582,129086],[0,0,0,7666,9040,12503,13856,29991,17752,28928,30362,39827,33324,52838,45375,39404,47975,55655,56211,58442,66612,75859,75591,77056,93541,75440,130786,128698],[0,0,0,7376,8430,11629,9886,29226,17966,26524,30694,34477,34677,56384,42672,35959,45279,55606,55183,58917,66498,71070,74020,77825,93407,75523,128453,121955],[0,0,0,5557,7703,10262,8111,18935,18697,23660,28094,29481,33261,52248,40028,34395,46653,52351,56304,60166,62497,72079,73114,77125,92188,75611,125007,119998],[0,0,0,4163,6830,9021,5960,5173,17670,22496,26254,24276,32217,54626,35433,35481,46800,50244,51310,60462,62995,69513,73577,76673,86840,76301,125130,126668],[0,0,0,2569,6300,8232,4298,393,17535,21011,23563,22476,30061,50472,36109,35685,44078,52097,47153,56747,58712,67722,71188,75144,77338,77507,114915,129222],[0,0,0,1717,5266,7506,2401,0,17247,20340,21572,19078,27018,51785,36760,35105,40464,49035,49562,53305,56856,66623,65454,70414,77233,73463,112804,125630],[0,0,0,1172,4770,7399,1177,0,16346,20239,20139,17125,28502,52535,37528,36007,39349,51784,45323,50427,55863,65529,64762,70416,70304,72582,105320,122131],[0,0,0,388,3991,6326,31,0,15742,17133,17494,16878,28444,51760,37487,40499,37636,47283,42792,47439,53613,61403,64043,68967,69049,64759,99900,131956],[0,0,0,92,3014,4565,0,0,13806,15051,15274,15883,25911,52946,36906,39311,37551,50956,42304,46940,55580,60255,65955,67992,69280,66312,100265,125709],[0,0,0,12,2264,3038,0,0,12273,14610,14301,15331,24080,54010,33817,37819,34755,46422,39145,44151,56184,58878,62818,66765,66981,64952,93221,119518],[0,0,0,0,1476,1403,0,0,12666,11693,13937,13586,24344,45160,31115,45057,33465,46016,38762,43752,58751,55875,62218,63513,64683,66372,88734,120497],[0,0,0,0,762,656,0,0,11468,10723,11738,11181,23868,20410,29631,44426,32510,44068,37839,43159,60525,54143,62193,59025,61378,66283,84735,110160],[0,0,0,0,126,174,0,0,11609,11004,13117,8729,21400,3064,28713,43039,32580,40674,40638,42465,63643,53764,59381,57528,61895,67106,76473,103428],[0,0,0,0,0,7,0,0,11073,9088,10167,5812,23131,131,27011,42644,32318,39618,41239,42885,60890,51031,60129,55135,58538,65612,77017,97728],[0,0,0,0,0,0,0,0,10219,8214,7904,3602,20674,0,26734,38679,31360,34610,37500,41797,59243,52504,54359,54267,56512,69803,74674,92815],[0,0,0,0,0,0,0,0,9513,9303,5559,1858,19503,0,25642,38109,31808,33866,38275,40248,54458,50943,52983,53315,56457,66946,69586,88000],[0,0,0,0,0,0,0,0,8649,7464,4070,677,18883,0,24088,35531,30481,30812,39181,39395,50159,48619,49350,51892,60117,68592,69153,77005],[0,0,0,0,0,0,0,0,7985,6350,2653,189,21602,0,21831,27627,28875,30079,34005,37829,45459,47950,49165,53328,61934,63828,68360,67305],[0,0,0,0,0,0,0,0,7836,5845,1636,0,18022,0,20407,22936,29054,27637,32624,38025,43642,45624,48249,50917,61480,68843,63375,55974],[0,0,0,0,0,0,0,0,8046,4596,555,0,18274,0,18668,21911,28736,26505,31274,37671,41405,47828,48168,51065,60681,67283,61864,47075],[0,0,0,0,0,0,0,0,7604,3131,90,0,14149,0,17121,18360,28969,25960,28139,36913,36151,43962,47598,50253,54431,63180,57362,41975],[0,0,0,0,0,0,0,0,7722,2506,0,0,11004,0,15628,11439,26319,23956,27170,36106,33786,41496,43162,49532,54338,57644,51363,40360],[0,0,0,0,0,0,0,0,6748,1679,0,0,8848,0,13899,7934,25577,22747,27411,35349,29875,36914,41948,50010,53434,56669,46877,38027],[0,0,0,0,0,0,0,0,5619,442,0,0,9237,0,10953,4863,24440,22336,28615,34642,27555,32129,39774,47527,50124,55030,41772,35421],[0,0,0,0,0,0,0,0,4720,